Ubicacion,Área(m²),Precio(mx)
VILLA JUAREZ # 1695 LA AVELLANA ZAPOPAN JALISCO,278,2780000
Av. Del Búfalo 418,495,4699000
"2da sección, (villas)",552,4400000
Bosques de bugambilias,699,5100000
"Av. Azaleas, Coto La Joya",454,5700000
,406,4060000
PASEO DEL PUMA 3056,563,5250000
Del Reno Poniente #villas 6 - 19 esq. con Entre: Búfalo y Calle Ardilla.,400,3600000
bugambilias ,715,5460000
,1247,8500000
Remanso del Coati,580,4350000
Privada Paseo Del Iris,315,3600000
Vistas del sol 30 30,1050,4990000
Paseo del Carnero,452,3840000
"Paseo del Puma , Fraccionamiento Bugambilias, Zapopan",398,3986200
Paseo del Carnero,411,3495000
Av. Paseo del Carnero,720,5980000
Callejon del Iris,440,3300000
,1290,7482000
Paseo de las Gacelas,583,4372500
